"customer_id";"customer_fname";"customer_lname";"customer_segment"
40;"Mary";"Smith";"Consumer"
47;"Lori";"Fuller";"Home Office"
54;"Mary";"Olson";"Home Office"
88;"Mary";"Henry";"Corporate"
122;"Karen";"Smith";"Consumer"
123;"Mary";"Mann";"Corporate"
125;"Mary";"Gallagher";"Consumer"
138;"Mary";"Dawson";"Consumer"
146;"Amber";"Mercado";"Home Office"
150;"Mary";"Smith";"Corporate"
155;"Brittany";"Juarez";"Consumer"
185;"Deborah";"Smith";"Consumer"
210;"Jonathan";"Burns";"Corporate"
223;"Ralph";"Smith";"Home Office"
228;"Jessica";"Clark";"Consumer"
242;"Mary";"Stein";"Corporate"
248;"Christina";"Walsh";"Corporate"
259;"Mary";"Bates";"Consumer"
275;"Robert";"Smith";"Consumer"
288;"Judith";"Smith";"Consumer"
289;"Diana";"Richards";"Corporate"
295;"Julie";"Tanner";"Home Office"
341;"Mary";"Smith";"Consumer"
376;"Grace";"Sanchez";"Home Office"
387;"Mary";"Levy";"Consumer"
394;"David";"Smith";"Consumer"
397;"Mary";"Delgado";"Consumer"
424;"Stephen";"Douglas";"Consumer"
437;"Cynthia";"Benjamin";"Consumer"
467;"James";"Smith";"Consumer"
468;"Mary";"Stone";"Consumer"
474;"Mary";"Patton";"Consumer"
482;"Megan";"Moreno";"Consumer"
487;"Kenneth";"Brown";"Consumer"
489;"William";"Smith";"Corporate"
542;"Mary";"Smith";"Home Office"
548;"Ryan";"Horton";"Consumer"
552;"Mary";"Harper";"Corporate"
569;"Mary";"Frye";"Consumer"
587;"Patrick";"Smith";"Consumer"
614;"Jack";"Benson";"Corporate"
629;"Matthew";"Huffman";"Corporate"
633;"Mary";"Campbell";"Home Office"
639;"Elizabeth";"Pittman";"Home Office"
647;"Mary";"Rios";"Consumer"
650;"Austin";"Sexton";"Home Office"
653;"Jason";"Haas";"Consumer"
695;"Sara";"Smith";"Corporate"
702;"Cynthia";"Smith";"Corporate"
711;"Barbara";"Mccarthy";"Corporate"
712;"Mary";"Ayala";"Consumer"
716;"Louis";"Bishop";"Home Office"
717;"Mary";"Camacho";"Corporate"
724;"Lawrence";"Mclaughlin";"Home Office"
778;"John";"Buckley";"Consumer"
900;"George";"Smith";"Consumer"
967;"Madison";"Smith";"Consumer"
1025;"Megan";"Todd";"Home Office"
1070;"Shawn";"Huffman";"Home Office"
1086;"Mary";"Smith";"Home Office"
1153;"Mary";"Sanford";"Consumer"
1168;"Elizabeth";"Mccann";"Corporate"
1169;"Mary";"Smith";"Corporate"
1171;"Mary";"Smith";"Home Office"
1173;"Mary";"Silva";"Consumer"
1180;"Mary";"Martin";"Corporate"
1182;"Mary";"Smith";"Corporate"
1186;"Mary";"Soto";"Consumer"
1209;"Mary";"Webb";"Consumer"
1219;"Angela";"Freeman";"Corporate"
1222;"Michael";"Garcia";"Consumer"
1240;"Mary";"Warner";"Consumer"
1243;"Joan";"Rosales";"Consumer"
1250;"Teresa";"Smith";"Consumer"
1260;"Kelly";"Calderon";"Consumer"
1263;"Emily";"Gould";"Corporate"
1271;"Carolyn";"Shea";"Corporate"
1273;"Maria";"Evans";"Consumer"
1275;"Amanda";"Smith";"Consumer"
1303;"Mary";"Contreras";"Corporate"
1306;"Zachary";"Taylor";"Consumer"
1325;"Gregory";"Nelson";"Consumer"
1331;"Mary";"Smith";"Corporate"
1339;"Melissa";"Mack";"Consumer"
1342;"Laura";"Savage";"Corporate"
1362;"Dennis";"Smith";"Home Office"
1410;"Mary";"Smith";"Consumer"
1423;"Mary";"Day";"Consumer"
1425;"Christina";"Harvey";"Consumer"
1429;"Pamela";"Murphy";"Home Office"
1443;"Denise";"Cohen";"Consumer"
1445;"Linda";"Ortiz";"Consumer"
1459;"Mary";"Smith";"Consumer"
1473;"Anthony";"Young";"Consumer"
1475;"Mary";"Smith";"Corporate"
1491;"Joyce";"Smith";"Consumer"
1507;"Mary";"Smith";"Consumer"
1509;"Patricia";"Petersen";"Consumer"
1535;"Frank";"Livingston";"Home Office"
1555;"Adam";"Smith";"Consumer"
1566;"Mary";"Simon";"Consumer"
1568;"Mary";"Larson";"Home Office"
1575;"John";"Greene";"Home Office"
1577;"Mary";"Smith";"Home Office"
1596;"John";"Hammond";"Consumer"
1618;"Mary";"Davidson";"Corporate"
1622;"Mary";"Smith";"Consumer"
1627;"Mary";"Gonzales";"Consumer"
1628;"Benjamin";"Smith";"Consumer"
1636;"Julie";"Petersen";"Consumer"
1657;"Betty";"Phillips";"Consumer"
1662;"George";"Smith";"Corporate"
1695;"Amanda";"Marquez";"Corporate"
1718;"Mary";"Smith";"Corporate"
1738;"Nicholas";"Murray";"Consumer"
1753;"Sandra";"Smith";"Consumer"
1756;"Jason";"Dixon";"Consumer"
1758;"Larry";"King";"Consumer"
1759;"Mary";"Barnett";"Consumer"
1788;"Timothy";"Smith";"Consumer"
1804;"Kathleen";"Lee";"Corporate"
1820;"Mary";"Hill";"Consumer"
1826;"Matthew";"Smith";"Corporate"
1834;"Jane";"Nichols";"Home Office"
1840;"Jerry";"Smith";"Consumer"
1853;"Mary";"Austin";"Consumer"
1868;"Mary";"Riddle";"Corporate"
1899;"Susan";"Smith";"Corporate"
1944;"Mary";"Smith";"Home Office"
1948;"Peter";"Smith";"Consumer"
1956;"Mary";"Clay";"Consumer"
1958;"Mary";"Ward";"Corporate"
1962;"Marie";"Smith";"Consumer"
1975;"Mary";"Smith";"Corporate"
1989;"Richard";"Leach";"Home Office"
2013;"Mary";"Fletcher";"Corporate"
2028;"Cynthia";"Smith";"Consumer"
2035;"Mary";"Salas";"Corporate"
2041;"Paul";"Garcia";"Consumer"
2048;"Mary";"Wolf";"Consumer"
2052;"Mary";"Anthony";"Consumer"
2053;"Ronald";"Smith";"Consumer"
2062;"Sharon";"Smith";"Consumer"
2078;"Roger";"Morales";"Consumer"
2091;"Doris";"Smith";"Consumer"
2106;"Mary";"Grimes";"Consumer"
2111;"Joan";"Smith";"Home Office"
2131;"Evelyn";"Green";"Consumer"
2136;"Catherine";"Turner";"Consumer"
2168;"Mary";"Reynolds";"Consumer"
2200;"Evelyn";"Wilson";"Corporate"
2205;"Wayne";"Rodriguez";"Corporate"
2214;"Mary";"Smith";"Consumer"
2217;"Mary";"Martinez";"Consumer"
2233;"Jack";"Duke";"Consumer"
2240;"Edward";"West";"Home Office"
2260;"Laura";"Haas";"Home Office"
2270;"Mary";"Smith";"Consumer"
2291;"Mary";"Mcdonald";"Consumer"
2319;"Mary";"Holland";"Corporate"
2324;"Zachary";"Smith";"Home Office"
2329;"Mary";"Smith";"Corporate"
2339;"Mary";"Smith";"Home Office"
2353;"Mary";"Smith";"Consumer"
2360;"Denise";"Smith";"Home Office"
2363;"Mary";"Frazier";"Consumer"
2364;"Thomas";"Whitney";"Consumer"
2368;"Mary";"Medina";"Consumer"
2426;"Mary";"Phillips";"Home Office"
2431;"Olivia";"Moore";"Home Office"
2439;"Mary";"Smith";"Home Office"
2454;"Kyle";"Curtis";"Corporate"
2456;"Joan";"Donaldson";"Corporate"
2464;"Teresa";"Warner";"Consumer"
2502;"Mary";"Smith";"Corporate"
2511;"Teresa";"Grimes";"Corporate"
2518;"Mary";"Smith";"Consumer"
2538;"Kelly";"Williams";"Consumer"
2540;"Patricia";"Smith";"Corporate"
2546;"Mary";"Smith";"Home Office"
2571;"Zachary";"Beasley";"Corporate"
2588;"Mary";"Smith";"Consumer"
2641;"Betty";"Spears";"Consumer"
2643;"David";"Smith";"Consumer"
2682;"Cynthia";"Miller";"Consumer"
2686;"Mary";"Coffey";"Consumer"
2709;"Mary";"Smith";"Corporate"
2728;"Mary";"Adams";"Consumer"
2737;"Mary";"Smith";"Consumer"
2741;"Jason";"Smith";"Corporate"
2773;"Linda";"Hale";"Corporate"
2784;"Lisa";"Smith";"Consumer"
2790;"Mary";"Nielsen";"Consumer"
2792;"Roy";"Carey";"Consumer"
2805;"Willie";"Smith";"Consumer"
2813;"Mary";"Smith";"Consumer"
2817;"Rachel";"Choi";"Corporate"
2823;"Danielle";"Smith";"Consumer"
2851;"Mary";"Huffman";"Home Office"
2871;"Sharon";"Mitchell";"Corporate"
2882;"Mary";"Decker";"Consumer"
2891;"Victoria";"Pitts";"Corporate"
2911;"Mary";"Smith";"Corporate"
2916;"Cynthia";"Nelson";"Home Office"
2918;"Mary";"Myers";"Consumer"
2922;"Madison";"Russo";"Consumer"
2924;"Timothy";"Kirby";"Home Office"
2985;"Donald";"Price";"Corporate"
3029;"Bryan";"Smith";"Corporate"
3050;"Mary";"Smith";"Consumer"
3056;"George";"Middleton";"Consumer"
3064;"Sandra";"Smith";"Consumer"
3066;"Mary";"Smith";"Consumer"
3071;"Mary";"Meadows";"Consumer"
3085;"Richard";"Smith";"Corporate"
3091;"Carolyn";"Rodriguez";"Home Office"
3099;"Brittany";"Copeland";"Consumer"
3104;"Megan";"Smith";"Home Office"
3125;"Dylan";"Walker";"Consumer"
3131;"Mary";"Brown";"Corporate"
3142;"Brenda";"Smith";"Consumer"
3144;"Pamela";"Browning";"Home Office"
3150;"Ruth";"Smith";"Home Office"
3182;"Frances";"Smith";"Home Office"
3204;"Edward";"Smith";"Consumer"
3207;"Stephen";"Smith";"Consumer"
3222;"Mary";"Williams";"Consumer"
3246;"Lori";"Burns";"Consumer"
3249;"Mary";"Mcgrath";"Consumer"
3283;"Charles";"Ramos";"Consumer"
3296;"Mary";"Smith";"Home Office"
3298;"Mary";"Ray";"Corporate"
3302;"Terry";"Smith";"Corporate"
3306;"Mary";"Woods";"Corporate"
3315;"Andrew";"Butler";"Consumer"
3329;"Joshua";"Smith";"Consumer"
3358;"Anthony";"Wright";"Home Office"
3372;"Virginia";"Smith";"Consumer"
3373;"Mary";"Willis";"Consumer"
3375;"Mary";"Sanchez";"Consumer"
3405;"Bruce";"Paul";"Home Office"
3421;"Kathryn";"Norris";"Corporate"
3424;"Patricia";"Leblanc";"Corporate"
3441;"Emma";"Russell";"Consumer"
3466;"Evelyn";"Smith";"Home Office"
3471;"Mary";"Franco";"Consumer"
3474;"Jack";"Hatfield";"Consumer"
3484;"Rebecca";"Hunter";"Corporate"
3485;"Mary";"Smith";"Corporate"
3490;"Mary";"Smith";"Consumer"
3497;"Mary";"Smith";"Consumer"
3518;"Daniel";"Smith";"Consumer"
3519;"Nicholas";"Ruiz";"Consumer"
3528;"Nicole";"Brooks";"Consumer"
3535;"Betty";"Rodgers";"Consumer"
3546;"Mary";"Cannon";"Home Office"
3570;"Mary";"Nelson";"Home Office"
3594;"Mary";"Smith";"Consumer"
3597;"Margaret";"Smith";"Consumer"
3598;"Marilyn";"Morris";"Corporate"
3624;"Grace";"Shah";"Consumer"
3628;"Alice";"Michael";"Corporate"
3687;"Mary";"Morrow";"Corporate"
3709;"Mary";"Padilla";"Consumer"
3715;"Debra";"Burnett";"Consumer"
3731;"Beverly";"Smith";"Corporate"
3752;"Mary";"Vega";"Home Office"
3754;"Mary";"Sims";"Home Office"
3770;"Mary";"Johnson";"Consumer"
3784;"Mary";"Sharp";"Consumer"
3797;"David";"Gutierrez";"Consumer"
3800;"Shawn";"Smith";"Consumer"
3804;"Andrew";"Le";"Consumer"
3814;"Eric";"Salazar";"Consumer"
3815;"Mary";"Sloan";"Corporate"
3905;"Denise";"Smith";"Corporate"
3915;"Heather";"Smith";"Consumer"
3935;"Harold";"Hayes";"Consumer"
3940;"Mary";"Smith";"Consumer"
3969;"Carl";"Smith";"Consumer"
3972;"Laura";"Bennett";"Consumer"
3984;"Brenda";"Webster";"Corporate"
3990;"Sandra";"Smith";"Consumer"
3995;"Kathryn";"Gallegos";"Corporate"
3997;"Margaret";"Walker";"Corporate"
4045;"Mary";"Neal";"Consumer"
4047;"Marilyn";"Potter";"Consumer"
4070;"Mary";"Steele";"Corporate"
4078;"Mary";"Gallegos";"Consumer"
4098;"Mary";"Lang";"Consumer"
4104;"Debra";"Butler";"Consumer"
4126;"John";"Stokes";"Consumer"
4140;"Brandon";"Smith";"Corporate"
4147;"Karen";"Gillespie";"Consumer"
4151;"Mary";"Smith";"Consumer"
4209;"Mary";"Lara";"Consumer"
4210;"Matthew";"Roach";"Consumer"
4232;"Mary";"Garza";"Home Office"
4248;"Jonathan";"Smith";"Consumer"
4249;"Mary";"Butler";"Consumer"
4269;"Mary";"Calderon";"Corporate"
4276;"Jacqueline";"Page";"Consumer"
4279;"Jack";"Meyer";"Consumer"
4280;"Mary";"Mccoy";"Consumer"
4296;"Edward";"Sanchez";"Consumer"
4316;"Kevin";"Tran";"Corporate"
4329;"Mary";"Ayala";"Corporate"
4346;"James";"Smith";"Consumer"
4391;"Harry";"Smith";"Consumer"
4398;"Mary";"Yoder";"Consumer"
4399;"Richard";"Smith";"Consumer"
4427;"Edward";"Soto";"Corporate"
4429;"Sara";"Graves";"Corporate"
4438;"Frank";"Jennings";"Consumer"
4460;"Mary";"Smith";"Consumer"
4477;"Jonathan";"Smith";"Corporate"
4510;"Rachel";"Cochran";"Corporate"
4533;"Walter";"Chavez";"Consumer"
4539;"Jacqueline";"James";"Corporate"
4580;"Charles";"Smith";"Consumer"
4594;"Mary";"Caldwell";"Home Office"
4596;"Mary";"Burns";"Consumer"
4611;"Dorothy";"Smith";"Consumer"
4612;"Mary";"Wilson";"Consumer"
4673;"Wayne";"Hodges";"Home Office"
4674;"Mary";"Lynn";"Consumer"
4695;"Hannah";"Guerra";"Consumer"
4697;"Kathryn";"Singh";"Consumer"
4707;"Victoria";"Smith";"Corporate"
4717;"Mary";"Sanders";"Consumer"
4741;"Mary";"Smith";"Home Office"
4768;"Amanda";"Hays";"Home Office"
4781;"Janet";"Smith";"Consumer"
4784;"Mary";"Williams";"Consumer"
4799;"Paul";"Jensen";"Consumer"
4807;"Raymond";"Rodgers";"Corporate"
4830;"Henry";"Jones";"Corporate"
4841;"John";"Warner";"Consumer"
4848;"Jennifer";"Morgan";"Consumer"
4867;"Mary";"Smith";"Consumer"
4899;"Mary";"Bauer";"Consumer"
4909;"Mary";"Smith";"Consumer"
4936;"Kyle";"Smith";"Home Office"
4986;"Katherine";"Cole";"Corporate"
4998;"Mary";"Smith";"Consumer"
5001;"Ann";"Waller";"Consumer"
5007;"Mary";"Smith";"Home Office"
5011;"William";"Berg";"Consumer"
5023;"Mary";"Smith";"Consumer"
5054;"Paul";"Thomas";"Corporate"
5074;"Karen";"Smith";"Consumer"
5088;"Mary";"Smith";"Corporate"
5089;"James";"Holloway";"Consumer"
5097;"Jennifer";"Moore";"Corporate"
5113;"Judith";"Osborne";"Consumer"
5118;"Mary";"Smith";"Consumer"
5138;"William";"Rivera";"Corporate"
5197;"Brenda";"Jordan";"Home Office"
5206;"Mary";"Palmer";"Consumer"
5224;"Jane";"Green";"Consumer"
5243;"Mary";"Smith";"Consumer"
5270;"Andrea";"Johnson";"Corporate"
5271;"Mary";"Hall";"Corporate"
5274;"Michael";"Beard";"Consumer"
5295;"Mary";"Williams";"Corporate"
5301;"Mary";"Ward";"Consumer"
5302;"Betty";"Smith";"Consumer"
5329;"Jack";"Townsend";"Consumer"
5339;"Mary";"Moore";"Consumer"
5364;"Thomas";"Colon";"Consumer"
5367;"Mary";"Mccormick";"Home Office"
5375;"Jeremy";"Holmes";"Corporate"
5384;"Christopher";"Smith";"Corporate"
5417;"Dennis";"Meyer";"Home Office"
5418;"Mary";"Roy";"Consumer"
5421;"Mary";"Carlson";"Consumer"
5474;"Mary";"Sanchez";"Consumer"
5505;"Joseph";"Matthews";"Consumer"
5506;"Gregory";"Smith";"Consumer"
5564;"Mary";"Smith";"Home Office"
5643;"Tiffany";"Caldwell";"Consumer"
5674;"Ethan";"Cross";"Corporate"
5687;"Mary";"Chapman";"Consumer"
5707;"Kathy";"Sampson";"Consumer"
5728;"Sarah";"Montoya";"Home Office"
5732;"Jacob";"Perry";"Corporate"
5749;"Mary";"Smith";"Consumer"
5783;"Daniel";"Smith";"Consumer"
5785;"Mary";"Frost";"Home Office"
5801;"Theresa";"Pearson";"Corporate"
5820;"Margaret";"Smith";"Home Office"
5828;"Katherine";"Oconnell";"Consumer"
5845;"Daniel";"Bruce";"Home Office"
5854;"Mary";"Smith";"Consumer"
5855;"Daniel";"Young";"Consumer"
5870;"John";"Hughes";"Home Office"
5875;"Mary";"Rodgers";"Corporate"
5884;"Gary";"Smith";"Consumer"
5887;"Mary";"Peters";"Consumer"
5898;"Emily";"Jacobs";"Consumer"
5902;"Mary";"Jones";"Corporate"
5917;"Ashley";"Smith";"Corporate"
5929;"Mary";"Shepherd";"Consumer"
5935;"Mary";"Smith";"Corporate"
5941;"Douglas";"Smith";"Corporate"
5965;"Richard";"Parker";"Consumer"
5981;"Ronald";"Williamson";"Corporate"
5988;"Melissa";"Miller";"Consumer"
6045;"Mary";"Christensen";"Consumer"
6050;"Rebecca";"Arnold";"Consumer"
6071;"Mary";"Wu";"Corporate"
6073;"Mary";"Campos";"Consumer"
6122;"Johnny";"Smith";"Home Office"
6123;"Mary";"Anderson";"Consumer"
6149;"Matthew";"Bush";"Consumer"
6162;"Wayne";"Hood";"Consumer"
6172;"James";"Smith";"Corporate"
6199;"Mary";"Jacobs";"Consumer"
6217;"Roger";"Black";"Consumer"
6227;"David";"Weber";"Corporate"
6246;"Melissa";"Ramirez";"Consumer"
6248;"Ronald";"Hanson";"Consumer"
6268;"Mary";"Summers";"Home Office"
6277;"Eugene";"Smith";"Consumer"
6280;"Mary";"Day";"Home Office"
6306;"Donna";"Browning";"Consumer"
6310;"Jerry";"Deleon";"Home Office"
6352;"Madison";"Smith";"Home Office"
6360;"Mary";"Phillips";"Consumer"
6365;"Mary";"Smith";"Consumer"
6370;"Andrea";"Smith";"Corporate"
6374;"Rebecca";"Briggs";"Corporate"
6376;"Crystal";"Rodriguez";"Corporate"
6398;"Tammy";"Smith";"Consumer"
6402;"Mary";"Frazier";"Consumer"
6405;"Mary";"Anderson";"Home Office"
6408;"Kevin";"Cooper";"Home Office"
6416;"Mary";"Smith";"Home Office"
6422;"Jonathan";"Richmond";"Corporate"
6428;"Mary";"Smith";"Consumer"
6448;"Mary";"Lawrence";"Corporate"
6466;"Susan";"Meyer";"Consumer"
6473;"Mary";"Castillo";"Consumer"
6489;"Maria";"Macdonald";"Home Office"
6491;"Bruce";"Cruz";"Home Office"
6492;"Bryan";"Smith";"Corporate"
6497;"Mary";"Lee";"Home Office"
6499;"Ashley";"Peterson";"Home Office"
6506;"Anna";"Bailey";"Consumer"
6517;"Amber";"Sheppard";"Consumer"
6523;"Mary";"Smith";"Consumer"
6543;"Alexander";"Smith";"Consumer"
6588;"Mary";"Smith";"Consumer"
6594;"Rebecca";"Austin";"Consumer"
6636;"Mary";"Smith";"Home Office"
6670;"Betty";"Lopez";"Corporate"
6708;"Mary";"Costa";"Corporate"
6725;"Mary";"Alexander";"Corporate"
6736;"Timothy";"Guzman";"Corporate"
6738;"Mary";"Taylor";"Consumer"
6742;"David";"Richardson";"Corporate"
6746;"Anthony";"Sanchez";"Home Office"
6757;"Mary";"Freeman";"Consumer"
6780;"Sean";"Chung";"Corporate"
6817;"Mary";"Garrett";"Consumer"
6827;"Mary";"Smith";"Home Office"
6871;"Gregory";"Bowman";"Home Office"
6872;"Mary";"Lloyd";"Corporate"
6875;"Mary";"Mcdowell";"Corporate"
6887;"Mary";"Smith";"Consumer"
6944;"Kyle";"Robertson";"Home Office"
6950;"Nicholas";"Smith";"Corporate"
6951;"Mary";"Williams";"Corporate"
6967;"Johnny";"Rodriguez";"Corporate"
7005;"James";"Carpenter";"Consumer"
7007;"Mary";"Mckinney";"Consumer"
7045;"Helen";"Smith";"Consumer"
7060;"Virginia";"Carroll";"Home Office"
7112;"Mark";"Harris";"Home Office"
7113;"Mary";"Shepherd";"Corporate"
7114;"Deborah";"Smith";"Corporate"
7132;"David";"Guerra";"Consumer"
7141;"Mary";"Jackson";"Corporate"
7146;"Nancy";"Curry";"Consumer"
7163;"Mary";"Jones";"Corporate"
7167;"Harold";"Medina";"Consumer"
7175;"Judy";"Webb";"Consumer"
7178;"Mary";"Smith";"Corporate"
7200;"Katherine";"Smith";"Consumer"
7202;"Beverly";"Smith";"Consumer"
7222;"Jesse";"Stein";"Consumer"
7247;"Mary";"Smith";"Consumer"
7259;"Jerry";"Ingram";"Corporate"
7268;"Mary";"Reed";"Corporate"
7269;"Adam";"Hodges";"Consumer"
7272;"Benjamin";"Hurst";"Consumer"
7273;"Mary";"Smith";"Consumer"
7302;"Angela";"Little";"Corporate"
7307;"Brandon";"Foster";"Corporate"
7330;"Mary";"Smith";"Consumer"
7331;"Pamela";"Strong";"Consumer"
7347;"Carolyn";"Gallegos";"Corporate"
7391;"Mary";"Garrett";"Consumer"
7393;"Mary";"Smith";"Home Office"
7407;"Diane";"Kim";"Consumer"
7446;"Lisa";"Williams";"Consumer"
7454;"Andrew";"Kim";"Corporate"
7465;"Andrew";"Smith";"Consumer"
7466;"Mary";"Warren";"Consumer"
7468;"Mary";"Hebert";"Home Office"
7504;"Stephanie";"Smith";"Consumer"
7512;"Susan";"Smith";"Consumer"
7518;"Mary";"Padilla";"Consumer"
7521;"Mary";"Ortega";"Consumer"
7532;"Mary";"Liu";"Corporate"
7534;"Mary";"Smith";"Corporate"
7537;"Stephen";"Lee";"Consumer"
7576;"Frances";"Smith";"Home Office"
7603;"Kevin";"Smith";"Home Office"
7635;"Mary";"Bridges";"Consumer"
7680;"Sandra";"Heath";"Consumer"
7683;"Cynthia";"Wallace";"Consumer"
7687;"Evelyn";"Valencia";"Home Office"
7697;"Hannah";"Wilkins";"Corporate"
7701;"James";"Lawson";"Consumer"
7705;"Julia";"Robinson";"Corporate"
7707;"Anna";"Smith";"Corporate"
7720;"Lisa";"Ramirez";"Consumer"
7733;"Mary";"Torres";"Corporate"
7735;"Mary";"Luna";"Consumer"
7764;"Mary";"Wilson";"Consumer"
7783;"Amy";"Kent";"Consumer"
7784;"Mary";"Smith";"Consumer"
7795;"Sandra";"Smith";"Corporate"
7810;"Henry";"Smith";"Consumer"
7832;"Stephen";"Nguyen";"Corporate"
7844;"Scott";"Smith";"Consumer"
7864;"Alice";"Smith";"Home Office"
7884;"Peter";"Smith";"Corporate"
7887;"Mary";"Keller";"Corporate"
7894;"Emma";"Moore";"Consumer"
7955;"Mary";"Rios";"Home Office"
7967;"Samuel";"Jones";"Consumer"
7994;"Ralph";"Smith";"Corporate"
8002;"Margaret";"Martinez";"Consumer"
8004;"Mary";"Smith";"Consumer"
8010;"Kathy";"Smith";"Corporate"
8011;"Mary";"Hill";"Home Office"
8024;"Christopher";"Smith";"Consumer"
8037;"Mary";"Mclaughlin";"Corporate"
8050;"Elizabeth";"Smith";"Consumer"
8051;"Emily";"Hutchinson";"Consumer"
8078;"Janet";"Thomas";"Corporate"
8098;"Mary";"Smith";"Consumer"
8100;"Victoria";"Smith";"Corporate"
8103;"Donna";"Jones";"Consumer"
8133;"Benjamin";"Riddle";"Home Office"
8144;"Mary";"Summers";"Consumer"
8205;"Lawrence";"Cummings";"Consumer"
8224;"Edward";"Chang";"Consumer"
8254;"Jesse";"Esparza";"Consumer"
8274;"Mary";"Mcgrath";"Consumer"
8293;"Nathan";"Mahoney";"Consumer"
8348;"Mary";"Maddox";"Consumer"
8358;"Mary";"Smith";"Corporate"
8360;"Jeremy";"Smith";"Consumer"
8397;"Amber";"Smith";"Consumer"
8398;"Mary";"Williams";"Consumer"
8404;"Joshua";"Taylor";"Corporate"
8422;"Wayne";"Crawford";"Consumer"
8456;"Mary";"Smith";"Consumer"
8478;"Mary";"Sweeney";"Corporate"
8480;"Gary";"Meza";"Consumer"
8481;"Mary";"Smith";"Consumer"
8485;"Mary";"Simmons";"Home Office"
8498;"Joseph";"Pennington";"Corporate"
8511;"Mary";"Smith";"Home Office"
8517;"Debra";"Smith";"Consumer"
8519;"Pamela";"Michael";"Consumer"
8520;"Denise";"Smith";"Consumer"
8524;"Ruth";"Farrell";"Consumer"
8534;"Mary";"Rose";"Consumer"
8541;"Mary";"Smith";"Home Office"
8544;"Sarah";"Smith";"Consumer"
8551;"Harold";"Dalton";"Corporate"
8556;"Daniel";"Pruitt";"Corporate"
8572;"Victoria";"Smith";"Consumer"
8587;"James";"Roy";"Consumer"
8608;"Mary";"Robertson";"Home Office"
8645;"Andrew";"Johnston";"Consumer"
8650;"Patricia";"Fitzpatrick";"Corporate"
8663;"Mary";"Kim";"Consumer"
8677;"Cynthia";"Mccoy";"Consumer"
8696;"Mary";"Pope";"Corporate"
8707;"Lisa";"Smith";"Home Office"
8720;"Mary";"Alvarado";"Corporate"
8730;"Mary";"Smith";"Corporate"
8741;"Gregory";"Smith";"Consumer"
8744;"Mary";"Wells";"Consumer"
8746;"Charles";"Stout";"Corporate"
8766;"Mary";"Duncan";"Corporate"
8792;"Mary";"Smith";"Consumer"
8806;"Amber";"Diaz";"Consumer"
8807;"Mary";"Terrell";"Consumer"
8831;"Mary";"Smith";"Home Office"
8841;"Mary";"Smith";"Corporate"
8897;"Stephen";"Blackburn";"Home Office"
8899;"Cynthia";"Brown";"Consumer"
8917;"Mary";"Smith";"Consumer"
8925;"Mary";"Erickson";"Corporate"
8986;"Mary";"Smith";"Home Office"
8992;"Maria";"Summers";"Consumer"
8993;"Mary";"Smith";"Corporate"
9002;"Mary";"Mullins";"Corporate"
9011;"Mary";"Smith";"Home Office"
9029;"Mary";"Bryan";"Home Office"
9037;"Laura";"Smith";"Consumer"
9047;"Jordan";"Medina";"Home Office"
9082;"Diane";"Terry";"Home Office"
9083;"Mary";"Frank";"Home Office"
9112;"Joseph";"Callahan";"Corporate"
9114;"Mary";"Smith";"Home Office"
9120;"Terry";"Trujillo";"Home Office"
9129;"Judy";"Arnold";"Corporate"
9145;"Gary";"Smith";"Corporate"
9148;"Robert";"Gallagher";"Consumer"
9154;"Anna";"Gillespie";"Consumer"
9162;"Christina";"Carter";"Corporate"
9163;"Mary";"Russell";"Corporate"
9164;"Frances";"Estrada";"Consumer"
9174;"Tyler";"Smith";"Consumer"
9189;"Richard";"Smith";"Home Office"
9197;"Mary";"Sutton";"Consumer"
9202;"Mary";"Skinner";"Consumer"
9204;"Mary";"Harris";"Consumer"
9248;"Mary";"Luna";"Consumer"
9272;"Ronald";"Blackwell";"Home Office"
9294;"Mary";"Blackwell";"Consumer"
9307;"Mary";"Frederick";"Corporate"
9316;"Megan";"Sanders";"Consumer"
9326;"Linda";"Hess";"Consumer"
9342;"Teresa";"Grant";"Consumer"
9345;"Mary";"Branch";"Corporate"
9352;"Mary";"Lewis";"Corporate"
9353;"Michael";"Scott";"Home Office"
9368;"Mary";"Cabrera";"Consumer"
9385;"Andrew";"Whitehead";"Consumer"
9399;"Mary";"Bennett";"Consumer"
9402;"Amber";"Smith";"Consumer"
9414;"Gloria";"Smith";"Consumer"
9415;"Mary";"Joyce";"Home Office"
9419;"Mary";"Smith";"Consumer"
9429;"George";"Terrell";"Consumer"
9432;"Hannah";"Smith";"Corporate"
9444;"Mary";"Carpenter";"Home Office"
9451;"Mary";"Smith";"Home Office"
9466;"Mary";"Smith";"Consumer"
9467;"Billy";"Butler";"Home Office"
9484;"Mary";"Howell";"Consumer"
9494;"Robert";"Gilmore";"Corporate"
9495;"Nicholas";"Smith";"Consumer"
9501;"Patricia";"Smith";"Consumer"
9511;"Joshua";"Brady";"Corporate"
9524;"Mary";"Nelson";"Consumer"
9528;"Mary";"Flores";"Consumer"
9554;"Mary";"Hayes";"Consumer"
9563;"Pamela";"Murphy";"Corporate"
9581;"Deborah";"Smith";"Consumer"
9597;"Lori";"Perez";"Home Office"
9619;"Mary";"Smith";"Consumer"
9626;"Dorothy";"Frye";"Corporate"
9634;"Mary";"Weaver";"Corporate"
9697;"Stephen";"Williams";"Consumer"
9698;"Mary";"Lee";"Consumer"
9702;"Katherine";"Tyler";"Home Office"
9704;"Mary";"Mcneil";"Home Office"
9723;"Rose";"White";"Corporate"
9726;"Steven";"Smith";"Consumer"
9727;"Mary";"Cruz";"Home Office"
9742;"Mary";"Frost";"Home Office"
9760;"Mary";"Wolf";"Consumer"
9803;"Mary";"Brady";"Consumer"
9807;"Mary";"Lopez";"Consumer"
9814;"Daniel";"Smith";"Consumer"
9854;"Mary";"Smith";"Home Office"
9857;"Lawrence";"Deleon";"Consumer"
9884;"Maria";"Dorsey";"Corporate"
9890;"Christian";"Luna";"Consumer"
9897;"Marilyn";"Smith";"Consumer"
9906;"Richard";"Smith";"Consumer"
9909;"Mary";"Wong";"Corporate"
9918;"Alice";"Smith";"Consumer"
9962;"Diana";"Smith";"Consumer"
10018;"Gregory";"Rodriguez";"Home Office"
10029;"Mary";"Silva";"Consumer"
10031;"Crystal";"Blake";"Consumer"
10041;"Mary";"Smith";"Home Office"
10042;"Christopher";"Hatfield";"Consumer"
10046;"Mary";"Smith";"Corporate"
10051;"Kathryn";"Smith";"Consumer"
10066;"Janice";"Smith";"Consumer"
10071;"Mary";"Lawrence";"Corporate"
10081;"Mary";"Castillo";"Corporate"
10093;"Michael";"Lopez";"Consumer"
10118;"Mary";"Reynolds";"Consumer"
10166;"Aaron";"Smith";"Home Office"
10173;"Kathleen";"Smith";"Consumer"
10200;"Nicole";"Smith";"Consumer"
10226;"Mary";"Smith";"Corporate"
10245;"Mary";"Mclaughlin";"Corporate"
10288;"Mark";"Smith";"Consumer"
10291;"Ann";"Smith";"Corporate"
10308;"Mary";"Smith";"Consumer"
10344;"Mary";"Smith";"Consumer"
10365;"Amy";"Smith";"Corporate"
10368;"Matthew";"Key";"Home Office"
10408;"Sandra";"Smith";"Consumer"
10416;"Mary";"Goodwin";"Consumer"
10428;"Tammy";"Chavez";"Consumer"
10454;"Anthony";"Leblanc";"Home Office"
10474;"Benjamin";"Case";"Consumer"
10485;"Mary";"Smith";"Home Office"
10497;"Justin";"Pena";"Consumer"
10499;"Theresa";"Little";"Corporate"
10500;"Mary";"Smith";"Consumer"
10518;"Jesse";"Dawson";"Corporate"
10519;"Mary";"Smith";"Consumer"
10533;"Michael";"Smith";"Home Office"
10549;"Mary";"Atkinson";"Consumer"
10563;"Mary";"Smith";"Consumer"
10577;"Jennifer";"Fuentes";"Consumer"
10582;"Mary";"Ryan";"Consumer"
10588;"Jessica";"Newton";"Home Office"
10591;"Deborah";"Humphrey";"Corporate"
10610;"Nancy";"Bryant";"Corporate"
10614;"James";"Smith";"Consumer"
10632;"Mary";"Williams";"Consumer"
10643;"Katherine";"Delgado";"Corporate"
10648;"Mary";"Smith";"Corporate"
10659;"Barbara";"Beck";"Consumer"
10667;"Walter";"Prince";"Corporate"
10668;"Mary";"Smith";"Consumer"
10671;"Timothy";"Moses";"Corporate"
10679;"Mary";"Smith";"Home Office"
10699;"Mary";"Lee";"Consumer"
10731;"Mary";"Smith";"Consumer"
10753;"Gregory";"Mitchell";"Consumer"
10759;"Douglas";"Smith";"Home Office"
10794;"Mary";"Fox";"Consumer"
10811;"Joshua";"Carter";"Consumer"
10819;"Michelle";"Koch";"Consumer"
10860;"Mary";"Johnson";"Corporate"
10864;"Jason";"Beck";"Corporate"
10893;"Lisa";"Smith";"Corporate"
10927;"Jessica";"Lang";"Consumer"
10948;"Mary";"Torres";"Corporate"
10954;"Mary";"White";"Consumer"
10966;"Martha";"Pierce";"Corporate"
10983;"Mary";"Frank";"Corporate"
11002;"Alexander";"Smith";"Consumer"
11011;"Mary";"Mullins";"Consumer"
11018;"Bruce";"Smith";"Consumer"
11044;"Daniel";"Henson";"Consumer"
11065;"Aaron";"Smith";"Consumer"
11106;"Mary";"Navarro";"Consumer"
11114;"Mary";"Owens";"Corporate"
11149;"Roy";"Smith";"Consumer"
11169;"Kyle";"Thomas";"Home Office"
11170;"Mary";"Newman";"Corporate"
11187;"Mary";"Smith";"Consumer"
11189;"Mary";"Hammond";"Consumer"
11197;"Mary";"Conrad";"Consumer"
11198;"Samuel";"Smith";"Consumer"
11213;"Mary";"Black";"Consumer"
11216;"Mary";"Morgan";"Home Office"
11229;"Diane";"Smith";"Consumer"
11254;"Sharon";"Smith";"Consumer"
11273;"Mary";"Ward";"Consumer"
11286;"Mary";"Garcia";"Corporate"
11290;"Catherine";"Smith";"Consumer"
11292;"William";"Saunders";"Home Office"
11307;"Mary";"Smith";"Corporate"
11310;"Kenneth";"Williams";"Consumer"
11329;"Hannah";"Smith";"Home Office"
11337;"Mary";"Howell";"Corporate"
11339;"Mary";"King";"Home Office"
11380;"Jane";"Smith";"Consumer"
11388;"Mary";"Rangel";"Consumer"
11412;"Mary";"Harris";"Corporate"
11426;"Mary";"Smith";"Consumer"
11431;"Willie";"Sanders";"Consumer"
11438;"Mary";"Pugh";"Consumer"
11455;"Mary";"Weaver";"Consumer"
11486;"Mary";"Smith";"Consumer"
11531;"Barbara";"Gordon";"Corporate"
11551;"Lawrence";"Harrison";"Consumer"
11573;"Judy";"Smith";"Corporate"
11586;"Nancy";"Wright";"Corporate"
11616;"Carol";"Smith";"Home Office"
11636;"Patrick";"Browning";"Consumer"
11650;"Mary";"Smith";"Home Office"
11664;"Mary";"Smith";"Consumer"
11667;"Mary";"Brooks";"Corporate"
11674;"Christina";"Daniel";"Consumer"
11696;"Mary";"Smith";"Corporate"
11715;"Mary";"Smith";"Consumer"
11720;"Mary";"Smith";"Consumer"
11743;"Alexander";"Smith";"Consumer"
11753;"Richard";"Reid";"Corporate"
11757;"Mary";"Boyle";"Consumer"
11761;"Lauren";"Coleman";"Consumer"
11776;"Mary";"Smith";"Home Office"
11782;"Michelle";"Dickson";"Home Office"
11791;"Mary";"Lee";"Corporate"
11793;"Thomas";"Riley";"Consumer"
11797;"Kimberly";"Smith";"Corporate"
11887;"Christopher";"Smith";"Consumer"
11924;"Mary";"Ramos";"Corporate"
11930;"Mary";"Gilbert";"Corporate"
11947;"Mary";"Smith";"Consumer"
11979;"Brandon";"Smith";"Corporate"
11999;"Johnny";"Smith";"Consumer"
12019;"Mary";"Walters";"Consumer"
12033;"Aaron";"Villa";"Consumer"
12052;"Mary";"Burke";"Consumer"
12055;"Emily";"Richardson";"Corporate"
12069;"Brittany";"Gardner";"Home Office"
12094;"Mary";"Smith";"Corporate"
12100;"Richard";"Bolton";"Corporate"
12101;"Samantha";"Smith";"Corporate"
12119;"Barbara";"Pham";"Consumer"
12151;"Vincent";"Krueger";"Home Office"
12160;"Martha";"Richmond";"Home Office"
12214;"Jennifer";"Summers";"Consumer"
12216;"Ann";"Deleon";"Consumer"
12221;"Betty";"Sanchez";"Home Office"
12253;"Mary";"Chan";"Consumer"
12255;"Mary";"Davis";"Consumer"
12279;"Mary";"Dunn";"Consumer"
12288;"Karen";"Smith";"Consumer"
12291;"Jennifer";"Sims";"Consumer"
12310;"Ralph";"Nielsen";"Consumer"
12333;"Mary";"Thomas";"Consumer"
12355;"Victoria";"Smith";"Consumer"
12363;"Kimberly";"Meza";"Consumer"
12381;"Mary";"Olsen";"Corporate"
12382;"Jennifer";"Smith";"Consumer"
12383;"Joyce";"Phillips";"Consumer"
12431;"Mary";"Rios";"Corporate"
12961;"Joan";"Nixon";"Consumer"
13024;"Giselle";"Farrell";"Consumer"
13035;"Belle";"Booker";"Consumer"
13080;"Mara";"Duffy";"Consumer"
13163;"Sydnee";"Nolan";"Consumer"
13179;"Ila";"Knight";"Consumer"
13190;"Whitney";"Henderson";"Consumer"
13194;"Riley";"Jones";"Consumer"
13196;"Lani";"Nash";"Consumer"
13206;"Zia";"Davis";"Consumer"
13256;"Nora";"Downs";"Consumer"
13363;"Madonna";"Ingram";"Consumer"
13461;"Mechelle";"Parker";"Consumer"
13597;"Sara";"Mejia";"Consumer"
14087;"Audrey";"Acosta";"Consumer"
14097;"Winifred";"Alexander";"Consumer"
14287;"Alma";"Delgado";"Consumer"
14322;"Alyssa";"Contreras";"Consumer"
14472;"Vivian";"Hays";"Consumer"
14508;"Roanna";"Martin";"Consumer"
14510;"Imani";"Castaneda";"Consumer"
14513;"Imani";"Kelly";"Consumer"
14553;"Willa";"Potter";"Consumer"
14562;"Xantha";"Brock";"Consumer"
14604;"Demetria";"Jarvis";"Consumer"
14630;"Kirestin";"Barr";"Consumer"
14633;"Sloane";"Long";"Consumer"
14645;"Noelani";"Hyde";"Consumer"
14665;"Jennifer";"Stokes";"Consumer"
14676;"Gay";"Harper";"Consumer"
14770;"Kelsie";"Tate";"Consumer"
14824;"Jaime";"Todd";"Consumer"
14848;"Karina";"Harper";"Consumer"
14915;"Octavia";"French";"Consumer"
16086;"Aimee";"Terrell";"Corporate"
17392;"Patience";"Ward";"Corporate"
17446;"Freya";"Golden";"Corporate"
18007;"Audra";"Weber";"Corporate"
18276;"Cheryl";"Koch";"Corporate"
18349;"Rana";"Moreno";"Corporate"
19350;"Heather";"Rocha";"Consumer"
19351;"Alyssa";"Fowler";"Home Office"
19352;"Lilah";"Glass";"Home Office"
19353;"Ella";"Mcmahon";"Consumer"
19354;"Lilah";"Huff";"Home Office"
19355;"Geraldine";"Barlow";"Corporate"
19356;"Emma";"Armstrong";"Consumer"
19357;"Tara";"Gordon";"Corporate"
19358;"Genevieve";"Joyce";"Corporate"
19359;"Sybil";"Noel";"Corporate"
19360;"Blossom";"Hill";"Corporate"
19361;"Dana";"Hoffman";"Consumer"
19362;"Anika";"Stokes";"Consumer"
19363;"Geraldine";"Mcfadden";"Consumer"
19364;"Jayme";"Tyler";"Consumer"
19365;"Amity";"Weber";"Consumer"
19366;"Joan";"Hickman";"Consumer"
19367;"Illiana";"Mcpherson";"Consumer"
19368;"Morgan";"Jimenez";"Consumer"
19369;"Rhonda";"Bruce";"Corporate"
19370;"Xerxes";"Marsh";"Corporate"
19371;"Clare";"Jenkins";"Home Office"
19372;"Taylor";"Aguilar";"Home Office"
19373;"Violet";"Melton";"Home Office"
19374;"Hedy";"Dunn";"Consumer"
19375;"Lara";"Kim";"Consumer"
19376;"Hermione";"Rose";"Corporate"
19377;"Denise";"Young";"Consumer"
19378;"Eliana";"Santos";"Consumer"
19379;"Emma";"Suarez";"Home Office"
19380;"Sopoline";"Hood";"Consumer"
19381;"Summer";"Hester";"Consumer"
19382;"Kitra";"Howard";"Corporate"
19383;"Ifeoma";"Hendricks";"Corporate"
19384;"Tatyana";"Tyson";"Home Office"
19385;"Brenna";"Wyatt";"Corporate"
19386;"Olga";"Stein";"Corporate"
19387;"Karly";"Porter";"Corporate"
19388;"Katelyn";"Key";"Corporate"
19389;"Breanna";"Morrison";"Corporate"
19390;"Blossom";"Middleton";"Home Office"
19391;"Aimee";"Daugherty";"Corporate"
19392;"Nelle";"Shaffer";"Home Office"
19393;"Phyllis";"Higgins";"Home Office"
19394;"Tamara";"Larson";"Home Office"
19395;"Nell";"Garrison";"Home Office"
19396;"Charity";"Sharpe";"Home Office"
19397;"Ria";"Padilla";"Home Office"
19398;"Beatrice";"Holt";"Home Office"
19399;"Chloe";"Nichols";"Home Office"
19400;"Medge";"Mcfarland";"Corporate"
19401;"Myra";"Manning";"Corporate"
19402;"Cynthia";"Albert";"Corporate"
19403;"Emi";"Mitchell";"Corporate"
19404;"Tana";"Franklin";"Consumer"
19405;"Lilah";"Holmes";"Corporate"
19406;"May";"Kennedy";"Consumer"
19407;"Linda";"Haley";"Consumer"
19408;"Rose";"Mack";"Consumer"
19409;"Odessa";"Cherry";"Corporate"
19410;"Cherokee";"Huffman";"Corporate"
19411;"Tamekah";"Blair";"Corporate"
19412;"Iola";"King";"Corporate"
19413;"Renee";"Morales";"Corporate"
19414;"Hadley";"Russell";"Corporate"
19415;"Yoshi";"Shelton";"Consumer"
19416;"Madeline";"Wooten";"Home Office"
19417;"Gillian";"Camacho";"Home Office"
19418;"Beverly";"Fisher";"Consumer"
19419;"Chloe";"Pickett";"Home Office"
19420;"Danielle";"Rush";"Home Office"
19421;"Miriam";"Vega";"Consumer"
19422;"Carolyn";"Davenport";"Consumer"
19423;"Inez";"Fleming";"Consumer"
19424;"Kylynn";"Zimmerman";"Consumer"
19425;"Fallon";"Donovan";"Consumer"
19426;"Dakota";"Green";"Consumer"
19427;"Rylee";"Garrett";"Corporate"
19428;"Patience";"Woodward";"Consumer"
19429;"Lana";"Green";"Consumer"
19430;"Naida";"Small";"Corporate"
19431;"Maryam";"Grant";"Corporate"
19432;"Noel";"Wheeler";"Corporate"
19433;"Xerxes";"Terrell";"Corporate"
19434;"Emma";"Mayo";"Corporate"
19435;"Hyacinth";"Nolan";"Consumer"
19436;"Wynter";"Gay";"Home Office"
19437;"Cally";"Dunn";"Corporate"
19438;"Cleo";"Woodward";"Home Office"
19439;"Mara";"Mcneil";"Corporate"
19440;"Jennifer";"Holmes";"Corporate"
19441;"Yetta";"Robinson";"Corporate"
19442;"Lavinia";"Houston";"Corporate"
19443;"Hayfa";"Boyle";"Corporate"
19444;"Wanda";"Sanford";"Corporate"
19445;"Felicia";"Clark";"Corporate"
19446;"Taylor";"Wood";"Corporate"
19447;"Marah";"Lara";"Corporate"
19448;"Stacy";"Mckinney";"Corporate"
19449;"Kay";"Sandoval";"Consumer"
19450;"Sybill";"Spencer";"Home Office"
19451;"Adele";"Pennington";"Home Office"
19452;"Dacey";"Walters";"Home Office"
19453;"Deanna";"Goff";"Consumer"
19454;"Karina";"Prince";"Consumer"
19455;"Ivory";"Parks";"Consumer"
19456;"Amy";"Lindsay";"Corporate"
19457;"Libby";"Bray";"Corporate"
19458;"Aurora";"Sharp";"Corporate"
19459;"Ainsley";"Mathis";"Consumer"
19460;"Dominique";"Rogers";"Consumer"
19461;"Basia";"Watts";"Consumer"
19462;"Joan";"Wilder";"Consumer"
19463;"Teagan";"Romero";"Consumer"
19464;"Jael";"Mcfarland";"Consumer"
19465;"Evelyn";"Kelly";"Corporate"
19466;"Hannah";"Velez";"Corporate"
19467;"Quail";"Ashley";"Consumer"
19468;"Roary";"Wheeler";"Corporate"
19469;"Simone";"Vance";"Corporate"
19470;"Lucy";"Mcknight";"Corporate"
19471;"Yeo";"Bird";"Corporate"
19472;"Alma";"Conley";"Corporate"
19473;"Kellie";"Farmer";"Corporate"
19474;"Kim";"Simon";"Consumer"
19475;"Bo";"Griffin";"Consumer"
19476;"Ciara";"Bird";"Corporate"
19477;"Brynne";"Giles";"Corporate"
19478;"Sade";"Lancaster";"Corporate"
19479;"Kimberley";"Sharpe";"Corporate"
19480;"Natalie";"Mcfadden";"Corporate"
19481;"Cassandra";"Jensen";"Corporate"
19482;"Freya";"Robbins";"Consumer"
19483;"Germane";"Short";"Corporate"
19484;"Oprah";"Delacruz";"Corporate"
19485;"Nichole";"Olsen";"Corporate"
19486;"Erica";"Stevens";"Corporate"
19487;"Constance";"Terrell";"Home Office"
19488;"Kimberly";"Flowers";"Consumer"
19489;"Orli";"Hendricks";"Corporate"
19490;"Tana";"Tate";"Home Office"
19491;"Gillian";"Maldonado";"Consumer"
19492;"Irene";"Luna";"Consumer"
20402;"Cleo";"Buchanan";"Corporate"
20423;"Ainsley";"Leach";"Corporate"
20529;"Lynn";"Sweeney";"Corporate"
20655;"Whitney";"Collins";"Corporate"
20755;"Cally";"Holloway";"Consumer"
